<?xml version="1.0" encoding="utf-8"?>
<MUPDefinition xmlns:xsi="http://www.w3.org/2001/XMLSchema-instance" xmlns:xsd="http://www.w3.org/2001/XMLSchema" xmlns="http://schemas.dell.com/openmanage/cm/2/0/mupdefinition.xsd">
  <packageinformation>
    <installertype>vendorinstaller</installertype>
    <mupspecificationversion>3.1.1</mupspecificationversion>
    <name>Realtek USB Ethernet Controller</name>
    <packagegrouping>legacy_dch_package</packagegrouping>
    <packagingtype>legacy_and_dch_inf_package</packagingtype>
    <releasetype>DRVR</releasetype>
    <subsystem>Network</subsystem>
    <version>11.17.20.1030</version>
    <AppliesTo>
      <DeviceInformation>Realtek USB Ethernet Controller</DeviceInformation>
    </AppliesTo>
    <supportedoperatingsystems>
      <osidentifier name="Windows10" architecture="x64" />
    </supportedoperatingsystems>
    <content dchSupport="true" baseOSBuildNumber="10240">
      <DeviceGroup supportedOSBuildNumber="10240">
        <Device componentID="103219">
          <Generic>USB\VID_0BDA&amp;PID_8050</Generic>
          <Generic>USB\VID_0BDA&amp;PID_8152</Generic>
          <Generic>USB\VID_0BDA&amp;PID_8153</Generic>
          <Generic>USB\VID_0BDA&amp;PID_8053</Generic>
          <Generic>USB\VID_0BDA&amp;PID_8156</Generic>
          <Generic>USB\VID_0BDA&amp;PID_8056</Generic>
          <Generic>USB\VID_0BDA&amp;PID_8155</Generic>
          <Generic>USB\VID_0BDA&amp;PID_8050&amp;REV_2000</Generic>
          <Generic>USB\VID_0BDA&amp;PID_8050&amp;REV_2001</Generic>
          <Generic>USB\VID_0BDA&amp;PID_8050&amp;REV_2002</Generic>
          <Generic>USB\VID_0BDA&amp;PID_8050&amp;REV_2003</Generic>
          <Generic>USB\VID_0BDA&amp;PID_8050&amp;REV_2004</Generic>
          <Generic>USB\VID_0BDA&amp;PID_8050&amp;REV_2005</Generic>
          <Generic>USB\VID_0BDA&amp;PID_8050&amp;REV_200E</Generic>
          <Generic>USB\VID_0BDA&amp;PID_8050&amp;REV_200F</Generic>
          <Generic>USB\VID_0BDA&amp;PID_8050&amp;REV_20F0</Generic>
          <Generic>USB\VID_0BDA&amp;PID_8050&amp;REV_20F1</Generic>
          <Generic>USB\VID_0BDA&amp;PID_8050&amp;REV_20F2</Generic>
          <Generic>USB\VID_0BDA&amp;PID_8050&amp;REV_20F3</Generic>
          <Generic>USB\VID_0BDA&amp;PID_8050&amp;REV_20F4</Generic>
          <Generic>USB\VID_0BDA&amp;PID_8050&amp;REV_20F5</Generic>
          <Generic>USB\VID_0BDA&amp;PID_8050&amp;REV_20FE</Generic>
          <Generic>USB\VID_0BDA&amp;PID_8050&amp;REV_20FF</Generic>
          <Generic>USB\VID_0BDA&amp;PID_8152&amp;REV_2000</Generic>
          <Generic>USB\VID_0BDA&amp;PID_8152&amp;REV_2001</Generic>
          <Generic>USB\VID_0BDA&amp;PID_8152&amp;REV_2002</Generic>
          <Generic>USB\VID_0BDA&amp;PID_8152&amp;REV_2003</Generic>
          <Generic>USB\VID_0BDA&amp;PID_8152&amp;REV_2004</Generic>
          <Generic>USB\VID_0BDA&amp;PID_8152&amp;REV_2005</Generic>
          <Generic>USB\VID_0BDA&amp;PID_8152&amp;REV_200E</Generic>
          <Generic>USB\VID_0BDA&amp;PID_8152&amp;REV_200F</Generic>
          <Generic>USB\VID_0BDA&amp;PID_8152&amp;REV_20F0</Generic>
          <Generic>USB\VID_0BDA&amp;PID_8152&amp;REV_20F1</Generic>
          <Generic>USB\VID_0BDA&amp;PID_8152&amp;REV_20F2</Generic>
          <Generic>USB\VID_0BDA&amp;PID_8152&amp;REV_20F3</Generic>
          <Generic>USB\VID_0BDA&amp;PID_8152&amp;REV_20F4</Generic>
          <Generic>USB\VID_0BDA&amp;PID_8152&amp;REV_20F5</Generic>
          <Generic>USB\VID_0BDA&amp;PID_8152&amp;REV_20FE</Generic>
          <Generic>USB\VID_0BDA&amp;PID_8152&amp;REV_20FF</Generic>
          <Generic>USB\VID_0BDA&amp;PID_8153&amp;REV_3000</Generic>
          <Generic>USB\VID_0BDA&amp;PID_8153&amp;REV_3001</Generic>
          <Generic>USB\VID_0BDA&amp;PID_8153&amp;REV_3002</Generic>
          <Generic>USB\VID_0BDA&amp;PID_8153&amp;REV_3003</Generic>
          <Generic>USB\VID_0BDA&amp;PID_8153&amp;REV_3004</Generic>
          <Generic>USB\VID_0BDA&amp;PID_8153&amp;REV_3005</Generic>
          <Generic>USB\VID_0BDA&amp;PID_8153&amp;REV_3008</Generic>
          <Generic>USB\VID_0BDA&amp;PID_8153&amp;REV_300E</Generic>
          <Generic>USB\VID_0BDA&amp;PID_8153&amp;REV_300F</Generic>
          <Generic>USB\VID_0BDA&amp;PID_8153&amp;REV_30F0</Generic>
          <Generic>USB\VID_0BDA&amp;PID_8153&amp;REV_30F1</Generic>
          <Generic>USB\VID_0BDA&amp;PID_8153&amp;REV_30F2</Generic>
          <Generic>USB\VID_0BDA&amp;PID_8153&amp;REV_30F3</Generic>
          <Generic>USB\VID_0BDA&amp;PID_8153&amp;REV_30F4</Generic>
          <Generic>USB\VID_0BDA&amp;PID_8153&amp;REV_30F5</Generic>
          <Generic>USB\VID_0BDA&amp;PID_8153&amp;REV_30F8</Generic>
          <Generic>USB\VID_0BDA&amp;PID_8153&amp;REV_30FE</Generic>
          <Generic>USB\VID_0BDA&amp;PID_8153&amp;REV_30FF</Generic>
          <Generic>USB\VID_0BDA&amp;PID_8153&amp;REV_3011</Generic>
          <Generic>USB\VID_0BDA&amp;PID_8153&amp;REV_F100</Generic>
          <Generic>USB\VID_0BDA&amp;PID_8153&amp;REV_3100</Generic>
          <Generic>USB\VID_0BDA&amp;PID_8153&amp;REV_3101</Generic>
          <Generic>USB\VID_0BDA&amp;PID_8153&amp;REV_3102</Generic>
          <Generic>USB\VID_0BDA&amp;PID_8153&amp;REV_3103</Generic>
          <Generic>USB\VID_0BDA&amp;PID_8153&amp;REV_3104</Generic>
          <Generic>USB\VID_0BDA&amp;PID_8153&amp;REV_3105</Generic>
          <Generic>USB\VID_0BDA&amp;PID_8153&amp;REV_3106</Generic>
          <Generic>USB\VID_0BDA&amp;PID_8153&amp;REV_3108</Generic>
          <Generic>USB\VID_0BDA&amp;PID_8153&amp;REV_310E</Generic>
          <Generic>USB\VID_0BDA&amp;PID_8153&amp;REV_310F</Generic>
          <Generic>USB\VID_0BDA&amp;PID_8153&amp;REV_31F0</Generic>
          <Generic>USB\VID_0BDA&amp;PID_8153&amp;REV_31F1</Generic>
          <Generic>USB\VID_0BDA&amp;PID_8153&amp;REV_31F2</Generic>
          <Generic>USB\VID_0BDA&amp;PID_8153&amp;REV_31F3</Generic>
          <Generic>USB\VID_0BDA&amp;PID_8153&amp;REV_31F4</Generic>
          <Generic>USB\VID_0BDA&amp;PID_8153&amp;REV_31F5</Generic>
          <Generic>USB\VID_0BDA&amp;PID_8153&amp;REV_31F6</Generic>
          <Generic>USB\VID_0BDA&amp;PID_8153&amp;REV_31F8</Generic>
          <Generic>USB\VID_0BDA&amp;PID_8153&amp;REV_31FE</Generic>
          <Generic>USB\VID_0BDA&amp;PID_8153&amp;REV_31FF</Generic>
          <Generic>USB\VID_0BDA&amp;PID_8153&amp;REV_3111</Generic>
          <Generic>USB\VID_0BDA&amp;PID_8153&amp;REV_3121</Generic>
          <Generic>USB\VID_0BDA&amp;PID_8153&amp;REV_3123</Generic>
          <Generic>USB\VID_0BDA&amp;PID_8153&amp;REV_3200</Generic>
          <Generic>USB\VID_0BDA&amp;PID_8153&amp;REV_3201</Generic>
          <Generic>USB\VID_0BDA&amp;PID_8153&amp;REV_3202</Generic>
          <Generic>USB\VID_0BDA&amp;PID_8153&amp;REV_3203</Generic>
          <Generic>USB\VID_0BDA&amp;PID_8153&amp;REV_3204</Generic>
          <Generic>USB\VID_0BDA&amp;PID_8153&amp;REV_3205</Generic>
          <Generic>USB\VID_0BDA&amp;PID_8153&amp;REV_3206</Generic>
          <Generic>USB\VID_0BDA&amp;PID_8153&amp;REV_3208</Generic>
          <Generic>USB\VID_0BDA&amp;PID_8153&amp;REV_320E</Generic>
          <Generic>USB\VID_0BDA&amp;PID_8153&amp;REV_320F</Generic>
          <Generic>USB\VID_0BDA&amp;PID_8153&amp;REV_32F0</Generic>
          <Generic>USB\VID_0BDA&amp;PID_8153&amp;REV_32F1</Generic>
          <Generic>USB\VID_0BDA&amp;PID_8153&amp;REV_32F2</Generic>
          <Generic>USB\VID_0BDA&amp;PID_8153&amp;REV_32F3</Generic>
          <Generic>USB\VID_0BDA&amp;PID_8153&amp;REV_32F4</Generic>
          <Generic>USB\VID_0BDA&amp;PID_8153&amp;REV_32F5</Generic>
          <Generic>USB\VID_0BDA&amp;PID_8153&amp;REV_32F6</Generic>
          <Generic>USB\VID_0BDA&amp;PID_8153&amp;REV_32F8</Generic>
          <Generic>USB\VID_0BDA&amp;PID_8153&amp;REV_32FE</Generic>
          <Generic>USB\VID_0BDA&amp;PID_8153&amp;REV_32FF</Generic>
          <Generic>USB\VID_0BDA&amp;PID_8153&amp;REV_3300</Generic>
          <Generic>USB\VID_0BDA&amp;PID_8153&amp;REV_3301</Generic>
          <Generic>USB\VID_0BDA&amp;PID_8153&amp;REV_3302</Generic>
          <Generic>USB\VID_0BDA&amp;PID_8153&amp;REV_3303</Generic>
          <Generic>USB\VID_0BDA&amp;PID_8153&amp;REV_3304</Generic>
          <Generic>USB\VID_0BDA&amp;PID_8153&amp;REV_3305</Generic>
          <Generic>USB\VID_0BDA&amp;PID_8153&amp;REV_3306</Generic>
          <Generic>USB\VID_0BDA&amp;PID_8153&amp;REV_3308</Generic>
          <Generic>USB\VID_0BDA&amp;PID_8153&amp;REV_330E</Generic>
          <Generic>USB\VID_0BDA&amp;PID_8153&amp;REV_330F</Generic>
          <Generic>USB\VID_0BDA&amp;PID_8153&amp;REV_33F0</Generic>
          <Generic>USB\VID_0BDA&amp;PID_8153&amp;REV_33F1</Generic>
          <Generic>USB\VID_0BDA&amp;PID_8153&amp;REV_33F2</Generic>
          <Generic>USB\VID_0BDA&amp;PID_8153&amp;REV_33F3</Generic>
          <Generic>USB\VID_0BDA&amp;PID_8153&amp;REV_33F4</Generic>
          <Generic>USB\VID_0BDA&amp;PID_8153&amp;REV_33F5</Generic>
          <Generic>USB\VID_0BDA&amp;PID_8153&amp;REV_33F6</Generic>
          <Generic>USB\VID_0BDA&amp;PID_8153&amp;REV_33F8</Generic>
          <Generic>USB\VID_0BDA&amp;PID_8153&amp;REV_33FE</Generic>
          <Generic>USB\VID_0BDA&amp;PID_8153&amp;REV_33FF</Generic>
          <Generic>USB\VID_0BDA&amp;PID_8053&amp;REV_3300</Generic>
          <Generic>USB\VID_0BDA&amp;PID_8053&amp;REV_3301</Generic>
          <Generic>USB\VID_0BDA&amp;PID_8053&amp;REV_3302</Generic>
          <Generic>USB\VID_0BDA&amp;PID_8053&amp;REV_3303</Generic>
          <Generic>USB\VID_0BDA&amp;PID_8053&amp;REV_3304</Generic>
          <Generic>USB\VID_0BDA&amp;PID_8053&amp;REV_3305</Generic>
          <Generic>USB\VID_0BDA&amp;PID_8053&amp;REV_3306</Generic>
          <Generic>USB\VID_0BDA&amp;PID_8053&amp;REV_3308</Generic>
          <Generic>USB\VID_0BDA&amp;PID_8053&amp;REV_330E</Generic>
          <Generic>USB\VID_0BDA&amp;PID_8053&amp;REV_330F</Generic>
          <Generic>USB\VID_0BDA&amp;PID_8053&amp;REV_33F0</Generic>
          <Generic>USB\VID_0BDA&amp;PID_8053&amp;REV_33F1</Generic>
          <Generic>USB\VID_0BDA&amp;PID_8053&amp;REV_33F2</Generic>
          <Generic>USB\VID_0BDA&amp;PID_8053&amp;REV_33F3</Generic>
          <Generic>USB\VID_0BDA&amp;PID_8053&amp;REV_33F4</Generic>
          <Generic>USB\VID_0BDA&amp;PID_8053&amp;REV_33F5</Generic>
          <Generic>USB\VID_0BDA&amp;PID_8053&amp;REV_33F6</Generic>
          <Generic>USB\VID_0BDA&amp;PID_8053&amp;REV_33F8</Generic>
          <Generic>USB\VID_0BDA&amp;PID_8053&amp;REV_33FE</Generic>
          <Generic>USB\VID_0BDA&amp;PID_8053&amp;REV_33FF</Generic>
          <Generic>USB\VID_0BDA&amp;PID_8156&amp;REV_3000</Generic>
          <Generic>USB\VID_0BDA&amp;PID_8156&amp;REV_3001</Generic>
          <Generic>USB\VID_0BDA&amp;PID_8156&amp;REV_3002</Generic>
          <Generic>USB\VID_0BDA&amp;PID_8156&amp;REV_3003</Generic>
          <Generic>USB\VID_0BDA&amp;PID_8156&amp;REV_3004</Generic>
          <Generic>USB\VID_0BDA&amp;PID_8156&amp;REV_3005</Generic>
          <Generic>USB\VID_0BDA&amp;PID_8156&amp;REV_3008</Generic>
          <Generic>USB\VID_0BDA&amp;PID_8156&amp;REV_300E</Generic>
          <Generic>USB\VID_0BDA&amp;PID_8156&amp;REV_300F</Generic>
          <Generic>USB\VID_0BDA&amp;PID_8156&amp;REV_30F0</Generic>
          <Generic>USB\VID_0BDA&amp;PID_8156&amp;REV_30F1</Generic>
          <Generic>USB\VID_0BDA&amp;PID_8156&amp;REV_30F2</Generic>
          <Generic>USB\VID_0BDA&amp;PID_8156&amp;REV_30F3</Generic>
          <Generic>USB\VID_0BDA&amp;PID_8156&amp;REV_30F4</Generic>
          <Generic>USB\VID_0BDA&amp;PID_8156&amp;REV_30F5</Generic>
          <Generic>USB\VID_0BDA&amp;PID_8156&amp;REV_30F8</Generic>
          <Generic>USB\VID_0BDA&amp;PID_8156&amp;REV_30FE</Generic>
          <Generic>USB\VID_0BDA&amp;PID_8156&amp;REV_30FF</Generic>
          <Generic>USB\VID_0BDA&amp;PID_8156&amp;REV_3100</Generic>
          <Generic>USB\VID_0BDA&amp;PID_8156&amp;REV_3101</Generic>
          <Generic>USB\VID_0BDA&amp;PID_8156&amp;REV_3102</Generic>
          <Generic>USB\VID_0BDA&amp;PID_8156&amp;REV_3103</Generic>
          <Generic>USB\VID_0BDA&amp;PID_8156&amp;REV_3104</Generic>
          <Generic>USB\VID_0BDA&amp;PID_8156&amp;REV_3105</Generic>
          <Generic>USB\VID_0BDA&amp;PID_8156&amp;REV_3108</Generic>
          <Generic>USB\VID_0BDA&amp;PID_8156&amp;REV_310E</Generic>
          <Generic>USB\VID_0BDA&amp;PID_8156&amp;REV_310F</Generic>
          <Generic>USB\VID_0BDA&amp;PID_8156&amp;REV_31F0</Generic>
          <Generic>USB\VID_0BDA&amp;PID_8156&amp;REV_31F1</Generic>
          <Generic>USB\VID_0BDA&amp;PID_8156&amp;REV_31F2</Generic>
          <Generic>USB\VID_0BDA&amp;PID_8156&amp;REV_31F3</Generic>
          <Generic>USB\VID_0BDA&amp;PID_8156&amp;REV_31F4</Generic>
          <Generic>USB\VID_0BDA&amp;PID_8156&amp;REV_31F5</Generic>
          <Generic>USB\VID_0BDA&amp;PID_8156&amp;REV_31F8</Generic>
          <Generic>USB\VID_0BDA&amp;PID_8156&amp;REV_31FE</Generic>
          <Generic>USB\VID_0BDA&amp;PID_8156&amp;REV_31FF</Generic>
          <Generic>USB\VID_0BDA&amp;PID_8056&amp;REV_3100</Generic>
          <Generic>USB\VID_0BDA&amp;PID_8056&amp;REV_3101</Generic>
          <Generic>USB\VID_0BDA&amp;PID_8056&amp;REV_3102</Generic>
          <Generic>USB\VID_0BDA&amp;PID_8056&amp;REV_3103</Generic>
          <Generic>USB\VID_0BDA&amp;PID_8056&amp;REV_3104</Generic>
          <Generic>USB\VID_0BDA&amp;PID_8056&amp;REV_3105</Generic>
          <Generic>USB\VID_0BDA&amp;PID_8056&amp;REV_3108</Generic>
          <Generic>USB\VID_0BDA&amp;PID_8056&amp;REV_310E</Generic>
          <Generic>USB\VID_0BDA&amp;PID_8056&amp;REV_310F</Generic>
          <Generic>USB\VID_0BDA&amp;PID_8056&amp;REV_31F0</Generic>
          <Generic>USB\VID_0BDA&amp;PID_8056&amp;REV_31F1</Generic>
          <Generic>USB\VID_0BDA&amp;PID_8056&amp;REV_31F2</Generic>
          <Generic>USB\VID_0BDA&amp;PID_8056&amp;REV_31F3</Generic>
          <Generic>USB\VID_0BDA&amp;PID_8056&amp;REV_31F4</Generic>
          <Generic>USB\VID_0BDA&amp;PID_8056&amp;REV_31F5</Generic>
          <Generic>USB\VID_0BDA&amp;PID_8056&amp;REV_31F8</Generic>
          <Generic>USB\VID_0BDA&amp;PID_8056&amp;REV_31FE</Generic>
          <Generic>USB\VID_0BDA&amp;PID_8056&amp;REV_31FF</Generic>
          <Generic>USB\VID_0BDA&amp;PID_8155&amp;REV_3000</Generic>
          <Generic>USB\VID_0BDA&amp;PID_8155&amp;REV_3001</Generic>
          <Generic>USB\VID_0BDA&amp;PID_8155&amp;REV_3002</Generic>
          <Generic>USB\VID_0BDA&amp;PID_8155&amp;REV_3003</Generic>
          <Generic>USB\VID_0BDA&amp;PID_8155&amp;REV_3004</Generic>
          <Generic>USB\VID_0BDA&amp;PID_8155&amp;REV_3005</Generic>
          <Generic>USB\VID_0BDA&amp;PID_8155&amp;REV_3008</Generic>
          <Generic>USB\VID_0BDA&amp;PID_8155&amp;REV_300E</Generic>
          <Generic>USB\VID_0BDA&amp;PID_8155&amp;REV_300F</Generic>
          <Generic>USB\VID_0BDA&amp;PID_8155&amp;REV_30F0</Generic>
          <Generic>USB\VID_0BDA&amp;PID_8155&amp;REV_30F1</Generic>
          <Generic>USB\VID_0BDA&amp;PID_8155&amp;REV_30F2</Generic>
          <Generic>USB\VID_0BDA&amp;PID_8155&amp;REV_30F3</Generic>
          <Generic>USB\VID_0BDA&amp;PID_8155&amp;REV_30F4</Generic>
          <Generic>USB\VID_0BDA&amp;PID_8155&amp;REV_30F5</Generic>
          <Generic>USB\VID_0BDA&amp;PID_8155&amp;REV_30F8</Generic>
          <Generic>USB\VID_0BDA&amp;PID_8155&amp;REV_30FE</Generic>
          <Generic>USB\VID_0BDA&amp;PID_8155&amp;REV_30FF</Generic>
          <Generic>USB\VID_056E&amp;PID_4013&amp;REV_3105</Generic>
          <Generic>USB\VID_056E&amp;PID_4017&amp;REV_3100</Generic>
          <Generic>USB\VID_056E&amp;PID_9013&amp;REV_3100</Generic>
          <Generic>USB\VID_2717&amp;PID_0011&amp;REV_2000</Generic>
          <Generic>USB\VID_2B73&amp;PID_0007&amp;REV_2000</Generic>
          <Generic>USB\VID_2B73&amp;PID_0031&amp;REV_3100</Generic>
          <Generic>USB\VID_050D&amp;PID_047A&amp;REV_2000</Generic>
          <Generic>USB\VID_050D&amp;PID_048A&amp;REV_3000</Generic>
          <Generic>USB\VID_043E&amp;PID_9820&amp;REV_2000</Generic>
          <Generic>USB\VID_043E&amp;PID_9819&amp;REV_3000</Generic>
          <Generic>USB\VID_2357&amp;PID_0601&amp;REV_3000</Generic>
          <Generic>USB\VID_2357&amp;PID_0604&amp;REV_3000</Generic>
          <Generic>USB\VID_2357&amp;PID_0602&amp;REV_2000</Generic>
          <Generic>USB\VID_2357&amp;PID_0603&amp;REV_2000</Generic>
          <Generic>USB\VID_2001&amp;PID_7E34&amp;REV_3000</Generic>
          <Generic>USB\VID_2001&amp;PID_A710&amp;REV_3000</Generic>
          <Generic>USB\VID_2001&amp;PID_B301&amp;REV_3100</Generic>
          <Generic>USB\VID_17EF&amp;PID_304F&amp;REV_3000</Generic>
          <Generic>USB\VID_17EF&amp;PID_7205&amp;REV_3000</Generic>
          <Generic>USB\VID_17EF&amp;PID_3052&amp;REV_3000</Generic>
          <Generic>USB\VID_17EF&amp;PID_720A&amp;REV_3000</Generic>
          <Generic>USB\VID_17EF&amp;PID_720C&amp;REV_3000</Generic>
          <Generic>USB\VID_17EF&amp;PID_3054&amp;REV_3001</Generic>
          <Generic>USB\VID_17EF&amp;PID_3052&amp;REV_3010</Generic>
          <Generic>USB\VID_17EF&amp;PID_3057&amp;REV_3000</Generic>
          <Generic>USB\VID_17EF&amp;PID_3062&amp;REV_3001</Generic>
          <Generic>USB\VID_17EF&amp;PID_3062&amp;REV_3101</Generic>
          <Generic>USB\VID_17EF&amp;PID_3069&amp;REV_3101</Generic>
          <Generic>USB\VID_17EF&amp;PID_7214&amp;REV_3100</Generic>
          <Generic>USB\VID_17EF&amp;PID_3062&amp;REV_3103</Generic>
          <Generic>USB\VID_17EF&amp;PID_3065&amp;REV_3000</Generic>
          <Generic>USB\VID_17EF&amp;PID_3069&amp;REV_3103</Generic>
          <Generic>USB\VID_17EF&amp;PID_A359&amp;REV_3103</Generic>
          <Generic>USB\VID_17EF&amp;PID_3082&amp;REV_3100</Generic>
          <Generic>USB\VID_17EF&amp;PID_3082&amp;REV_3101</Generic>
          <Generic>USB\VID_17EF&amp;PID_721E&amp;REV_3103</Generic>
          <Generic>USB\VID_17EF&amp;PID_A387&amp;REV_3103</Generic>
          <Generic>USB\VID_17EF&amp;PID_3062&amp;REV_3111</Generic>
          <Generic>USB\VID_17EF&amp;PID_3098&amp;REV_3103</Generic>
          <Generic>USB\VID_17EF&amp;PID_A3C1&amp;REV_3101</Generic>
          <Generic>USB\VID_17EF&amp;PID_A387&amp;REV_3113</Generic>
          <Generic>USB\VID_17EF&amp;PID_8153&amp;REV_3100</Generic>
          <Generic>USB\VID_17EF&amp;PID_309B&amp;REV_3101</Generic>
          <Generic>USB\VID_17EF&amp;PID_309C&amp;REV_3101</Generic>
          <Generic>USB\VID_17EF&amp;PID_309D&amp;REV_3101</Generic>
          <Generic>USB\VID_13B1&amp;PID_0041&amp;REV_3000</Generic>
          <Generic>USB\VID_04E8&amp;PID_A101&amp;REV_3000</Generic>
          <Generic>USB\VID_1025&amp;PID_104E&amp;REV_3000</Generic>
          <Generic>USB\VID_0F21&amp;PID_8153&amp;REV_3000</Generic>
          <Generic>USB\VID_2D1C&amp;PID_8153&amp;REV_3000</Generic>
          <Generic>USB\VID_208E&amp;PID_D003&amp;REV_3000</Generic>
          <Generic>USB\VID_0930&amp;PID_0416&amp;REV_3100</Generic>
          <Generic>USB\VID_0930&amp;PID_0416&amp;REV_3101</Generic>
          <Generic>USB\VID_30F3&amp;PID_0425&amp;REV_3100</Generic>
          <Generic>USB\VID_30F3&amp;PID_0425&amp;REV_3101</Generic>
          <Generic>USB\VID_30F3&amp;PID_0419&amp;REV_3100</Generic>
          <Generic>USB\VID_30F3&amp;PID_0419&amp;REV_3101</Generic>
          <Generic>USB\VID_30DA&amp;PID_5101&amp;REV_3100</Generic>
          <Generic>USB\VID_0B05&amp;PID_18D1&amp;REV_3005</Generic>
          <Generic>USB\VID_0B05&amp;PID_1976&amp;REV_3105</Generic>
          <Generic>USB\VID_14FF&amp;PID_1400&amp;REV_3100</Generic>
          <Generic>USB\VID_20F4&amp;PID_E02B&amp;REV_3004</Generic>
          <Generic>USB\VID_0DF4&amp;PID_0025&amp;REV_3100</Generic>
          <Generic>USB\VID_17AA&amp;PID_6117&amp;REV_3000</Generic>
          <Generic>USB\VID_310E&amp;PID_0060&amp;REV_3000</Generic>
          <Generic>USB\VID_310E&amp;PID_0061&amp;REV_3100</Generic>
          <Generic>USB\VID_310E&amp;PID_0062&amp;REV_3100</Generic>
          <Generic>USB\VID_2D01&amp;PID_0030&amp;REV_3000</Generic>
          <Generic>USB\VID_2D01&amp;PID_0031&amp;REV_3100</Generic>
          <Generic>USB\VID_2D01&amp;PID_0032&amp;REV_3100</Generic>
          <Generic>USB\VID_065F&amp;PID_3200&amp;REV_3104</Generic>
          <Generic>USB\VID_413C&amp;PID_B097&amp;REV_3101</Generic>
          <Generic>USB\VID_0781&amp;PID_CFFE&amp;REV_3100</Generic>
          <Generic>USB\VID_2BAF&amp;PID_0012&amp;REV_3101</Generic>
          <Image type="DRVR" inftype="base" version="10.63.20.1029">
            <file>10240\Drivers\64\rtump64x64sta.INF</file>
            <supportedoperatingsystems>
              <osidentifier name="Windows10.0" architecture="x64" buildNumber="10240" />
            </supportedoperatingsystems>
          </Image>
        </Device>
		</DeviceGroup>
		<DeviceGroup supportedOSBuildNumber="22000">
        <Device componentID="103219">
          <Generic>USB\VID_0BDA&amp;PID_8050</Generic>
          <Generic>USB\VID_0BDA&amp;PID_8152</Generic>
          <Generic>USB\VID_0BDA&amp;PID_8052</Generic>
          <Generic>USB\VID_0BDA&amp;PID_8050&amp;REV_2000</Generic>
          <Generic>USB\VID_0BDA&amp;PID_8050&amp;REV_2001</Generic>
          <Generic>USB\VID_0BDA&amp;PID_8050&amp;REV_2002</Generic>
          <Generic>USB\VID_0BDA&amp;PID_8050&amp;REV_2003</Generic>
          <Generic>USB\VID_0BDA&amp;PID_8050&amp;REV_2004</Generic>
          <Generic>USB\VID_0BDA&amp;PID_8050&amp;REV_2005</Generic>
          <Generic>USB\VID_0BDA&amp;PID_8050&amp;REV_2007</Generic>
          <Generic>USB\VID_0BDA&amp;PID_8050&amp;REV_200D</Generic>
          <Generic>USB\VID_0BDA&amp;PID_8050&amp;REV_200E</Generic>
          <Generic>USB\VID_0BDA&amp;PID_8050&amp;REV_200F</Generic>
          <Generic>USB\VID_0BDA&amp;PID_8050&amp;REV_20F0</Generic>
          <Generic>USB\VID_0BDA&amp;PID_8050&amp;REV_20F1</Generic>
          <Generic>USB\VID_0BDA&amp;PID_8050&amp;REV_20F2</Generic>
          <Generic>USB\VID_0BDA&amp;PID_8050&amp;REV_20F3</Generic>
          <Generic>USB\VID_0BDA&amp;PID_8050&amp;REV_20F4</Generic>
          <Generic>USB\VID_0BDA&amp;PID_8050&amp;REV_20F5</Generic>
          <Generic>USB\VID_0BDA&amp;PID_8050&amp;REV_20F7</Generic>
          <Generic>USB\VID_0BDA&amp;PID_8050&amp;REV_20FD</Generic>
          <Generic>USB\VID_0BDA&amp;PID_8050&amp;REV_20FE</Generic>
          <Generic>USB\VID_0BDA&amp;PID_8050&amp;REV_20FF</Generic>
          <Generic>USB\VID_0BDA&amp;PID_8152&amp;REV_2000</Generic>
          <Generic>USB\VID_0BDA&amp;PID_8152&amp;REV_2001</Generic>
          <Generic>USB\VID_0BDA&amp;PID_8152&amp;REV_2002</Generic>
          <Generic>USB\VID_0BDA&amp;PID_8152&amp;REV_2003</Generic>
          <Generic>USB\VID_0BDA&amp;PID_8152&amp;REV_2004</Generic>
          <Generic>USB\VID_0BDA&amp;PID_8152&amp;REV_2005</Generic>
          <Generic>USB\VID_0BDA&amp;PID_8152&amp;REV_2007</Generic>
          <Generic>USB\VID_0BDA&amp;PID_8152&amp;REV_200D</Generic>
          <Generic>USB\VID_0BDA&amp;PID_8152&amp;REV_200E</Generic>
          <Generic>USB\VID_0BDA&amp;PID_8152&amp;REV_200F</Generic>
          <Generic>USB\VID_0BDA&amp;PID_8152&amp;REV_20F0</Generic>
          <Generic>USB\VID_0BDA&amp;PID_8152&amp;REV_20F1</Generic>
          <Generic>USB\VID_0BDA&amp;PID_8152&amp;REV_20F2</Generic>
          <Generic>USB\VID_0BDA&amp;PID_8152&amp;REV_20F3</Generic>
          <Generic>USB\VID_0BDA&amp;PID_8152&amp;REV_20F4</Generic>
          <Generic>USB\VID_0BDA&amp;PID_8152&amp;REV_20F5</Generic>
          <Generic>USB\VID_0BDA&amp;PID_8152&amp;REV_20F7</Generic>
          <Generic>USB\VID_0BDA&amp;PID_8152&amp;REV_20FD</Generic>
          <Generic>USB\VID_0BDA&amp;PID_8152&amp;REV_20FE</Generic>
          <Generic>USB\VID_0BDA&amp;PID_8152&amp;REV_20FF</Generic>
          <Generic>USB\VID_0BDA&amp;PID_8052&amp;REV_2000</Generic>
          <Generic>USB\VID_0BDA&amp;PID_8052&amp;REV_2001</Generic>
          <Generic>USB\VID_0BDA&amp;PID_8052&amp;REV_2002</Generic>
          <Generic>USB\VID_0BDA&amp;PID_8052&amp;REV_2003</Generic>
          <Generic>USB\VID_0BDA&amp;PID_8052&amp;REV_2004</Generic>
          <Generic>USB\VID_0BDA&amp;PID_8052&amp;REV_2005</Generic>
          <Generic>USB\VID_0BDA&amp;PID_8052&amp;REV_2007</Generic>
          <Generic>USB\VID_0BDA&amp;PID_8052&amp;REV_200D</Generic>
          <Generic>USB\VID_0BDA&amp;PID_8052&amp;REV_200E</Generic>
          <Generic>USB\VID_0BDA&amp;PID_8052&amp;REV_200F</Generic>
          <Generic>USB\VID_0BDA&amp;PID_8052&amp;REV_20F0</Generic>
          <Generic>USB\VID_0BDA&amp;PID_8052&amp;REV_20F1</Generic>
          <Generic>USB\VID_0BDA&amp;PID_8052&amp;REV_20F2</Generic>
          <Generic>USB\VID_0BDA&amp;PID_8052&amp;REV_20F3</Generic>
          <Generic>USB\VID_0BDA&amp;PID_8052&amp;REV_20F4</Generic>
          <Generic>USB\VID_0BDA&amp;PID_8052&amp;REV_20F5</Generic>
          <Generic>USB\VID_0BDA&amp;PID_8052&amp;REV_20F7</Generic>
          <Generic>USB\VID_0BDA&amp;PID_8052&amp;REV_20FD</Generic>
          <Generic>USB\VID_0BDA&amp;PID_8052&amp;REV_20FE</Generic>
          <Generic>USB\VID_0BDA&amp;PID_8052&amp;REV_20FF</Generic>
          <Generic>USB\VID_2717&amp;PID_0011&amp;REV_2000</Generic>
          <Generic>USB\VID_2B73&amp;PID_0007&amp;REV_2000</Generic>
          <Generic>USB\VID_050D&amp;PID_047A&amp;REV_2000</Generic>
          <Generic>USB\VID_043E&amp;PID_9820&amp;REV_2000</Generic>
          <Generic>USB\VID_2357&amp;PID_0602&amp;REV_2000</Generic>
          <Generic>USB\VID_2357&amp;PID_0603&amp;REV_2000</Generic>
          <Image type="DRVR" inftype="base" version="1152.17.20.1030">
            <file>22000\Drivers\64\rtu52cx22x64sta.inf</file>
            <supportedoperatingsystems>
              <osidentifier name="Windows10.0" architecture="x64" buildNumber="22000" />
            </supportedoperatingsystems>
          </Image>
        </Device>
        <Device componentID="103219">
          <Generic>USB\VID_0BDA&amp;PID_8153</Generic>
          <Generic>USB\VID_0BDA&amp;PID_8053</Generic>
          <Generic>USB\VID_0BDA&amp;PID_8153&amp;REV_3000</Generic>
          <Generic>USB\VID_0BDA&amp;PID_8153&amp;REV_3001</Generic>
          <Generic>USB\VID_0BDA&amp;PID_8153&amp;REV_3002</Generic>
          <Generic>USB\VID_0BDA&amp;PID_8153&amp;REV_3003</Generic>
          <Generic>USB\VID_0BDA&amp;PID_8153&amp;REV_3004</Generic>
          <Generic>USB\VID_0BDA&amp;PID_8153&amp;REV_3005</Generic>
          <Generic>USB\VID_0BDA&amp;PID_8153&amp;REV_3007</Generic>
          <Generic>USB\VID_0BDA&amp;PID_8153&amp;REV_3008</Generic>
          <Generic>USB\VID_0BDA&amp;PID_8153&amp;REV_300D</Generic>
          <Generic>USB\VID_0BDA&amp;PID_8153&amp;REV_300E</Generic>
          <Generic>USB\VID_0BDA&amp;PID_8153&amp;REV_300F</Generic>
          <Generic>USB\VID_0BDA&amp;PID_8153&amp;REV_30F0</Generic>
          <Generic>USB\VID_0BDA&amp;PID_8153&amp;REV_30F1</Generic>
          <Generic>USB\VID_0BDA&amp;PID_8153&amp;REV_30F2</Generic>
          <Generic>USB\VID_0BDA&amp;PID_8153&amp;REV_30F3</Generic>
          <Generic>USB\VID_0BDA&amp;PID_8153&amp;REV_30F4</Generic>
          <Generic>USB\VID_0BDA&amp;PID_8153&amp;REV_30F5</Generic>
          <Generic>USB\VID_0BDA&amp;PID_8153&amp;REV_30F7</Generic>
          <Generic>USB\VID_0BDA&amp;PID_8153&amp;REV_30F8</Generic>
          <Generic>USB\VID_0BDA&amp;PID_8153&amp;REV_30FD</Generic>
          <Generic>USB\VID_0BDA&amp;PID_8153&amp;REV_30FE</Generic>
          <Generic>USB\VID_0BDA&amp;PID_8153&amp;REV_30FF</Generic>
          <Generic>USB\VID_0BDA&amp;PID_8153&amp;REV_3011</Generic>
          <Generic>USB\VID_0BDA&amp;PID_8153&amp;REV_3030</Generic>
          <Generic>USB\VID_0BDA&amp;PID_8153&amp;REV_F100</Generic>
          <Generic>USB\VID_0BDA&amp;PID_8153&amp;REV_3100</Generic>
          <Generic>USB\VID_0BDA&amp;PID_8153&amp;REV_3101</Generic>
          <Generic>USB\VID_0BDA&amp;PID_8153&amp;REV_3102</Generic>
          <Generic>USB\VID_0BDA&amp;PID_8153&amp;REV_3103</Generic>
          <Generic>USB\VID_0BDA&amp;PID_8153&amp;REV_3104</Generic>
          <Generic>USB\VID_0BDA&amp;PID_8153&amp;REV_3105</Generic>
          <Generic>USB\VID_0BDA&amp;PID_8153&amp;REV_3106</Generic>
          <Generic>USB\VID_0BDA&amp;PID_8153&amp;REV_3107</Generic>
          <Generic>USB\VID_0BDA&amp;PID_8153&amp;REV_3108</Generic>
          <Generic>USB\VID_0BDA&amp;PID_8153&amp;REV_310D</Generic>
          <Generic>USB\VID_0BDA&amp;PID_8153&amp;REV_310E</Generic>
          <Generic>USB\VID_0BDA&amp;PID_8153&amp;REV_310F</Generic>
          <Generic>USB\VID_0BDA&amp;PID_8153&amp;REV_31F0</Generic>
          <Generic>USB\VID_0BDA&amp;PID_8153&amp;REV_31F1</Generic>
          <Generic>USB\VID_0BDA&amp;PID_8153&amp;REV_31F2</Generic>
          <Generic>USB\VID_0BDA&amp;PID_8153&amp;REV_31F3</Generic>
          <Generic>USB\VID_0BDA&amp;PID_8153&amp;REV_31F4</Generic>
          <Generic>USB\VID_0BDA&amp;PID_8153&amp;REV_31F5</Generic>
          <Generic>USB\VID_0BDA&amp;PID_8153&amp;REV_31F6</Generic>
          <Generic>USB\VID_0BDA&amp;PID_8153&amp;REV_31F7</Generic>
          <Generic>USB\VID_0BDA&amp;PID_8153&amp;REV_31F8</Generic>
          <Generic>USB\VID_0BDA&amp;PID_8153&amp;REV_31FD</Generic>
          <Generic>USB\VID_0BDA&amp;PID_8153&amp;REV_31FE</Generic>
          <Generic>USB\VID_0BDA&amp;PID_8153&amp;REV_31FF</Generic>
          <Generic>USB\VID_0BDA&amp;PID_8153&amp;REV_3110</Generic>
          <Generic>USB\VID_0BDA&amp;PID_8153&amp;REV_3111</Generic>
          <Generic>USB\VID_0BDA&amp;PID_8153&amp;REV_3120</Generic>
          <Generic>USB\VID_0BDA&amp;PID_8153&amp;REV_3121</Generic>
          <Generic>USB\VID_0BDA&amp;PID_8153&amp;REV_3123</Generic>
          <Generic>USB\VID_0BDA&amp;PID_8153&amp;REV_3200</Generic>
          <Generic>USB\VID_0BDA&amp;PID_8153&amp;REV_3201</Generic>
          <Generic>USB\VID_0BDA&amp;PID_8153&amp;REV_3202</Generic>
          <Generic>USB\VID_0BDA&amp;PID_8153&amp;REV_3203</Generic>
          <Generic>USB\VID_0BDA&amp;PID_8153&amp;REV_3204</Generic>
          <Generic>USB\VID_0BDA&amp;PID_8153&amp;REV_3205</Generic>
          <Generic>USB\VID_0BDA&amp;PID_8153&amp;REV_3206</Generic>
          <Generic>USB\VID_0BDA&amp;PID_8153&amp;REV_3207</Generic>
          <Generic>USB\VID_0BDA&amp;PID_8153&amp;REV_3208</Generic>
          <Generic>USB\VID_0BDA&amp;PID_8153&amp;REV_320D</Generic>
          <Generic>USB\VID_0BDA&amp;PID_8153&amp;REV_320E</Generic>
          <Generic>USB\VID_0BDA&amp;PID_8153&amp;REV_320F</Generic>
          <Generic>USB\VID_0BDA&amp;PID_8153&amp;REV_32F0</Generic>
          <Generic>USB\VID_0BDA&amp;PID_8153&amp;REV_32F1</Generic>
          <Generic>USB\VID_0BDA&amp;PID_8153&amp;REV_32F2</Generic>
          <Generic>USB\VID_0BDA&amp;PID_8153&amp;REV_32F3</Generic>
          <Generic>USB\VID_0BDA&amp;PID_8153&amp;REV_32F4</Generic>
          <Generic>USB\VID_0BDA&amp;PID_8153&amp;REV_32F5</Generic>
          <Generic>USB\VID_0BDA&amp;PID_8153&amp;REV_32F6</Generic>
          <Generic>USB\VID_0BDA&amp;PID_8153&amp;REV_32F7</Generic>
          <Generic>USB\VID_0BDA&amp;PID_8153&amp;REV_32F8</Generic>
          <Generic>USB\VID_0BDA&amp;PID_8153&amp;REV_32FD</Generic>
          <Generic>USB\VID_0BDA&amp;PID_8153&amp;REV_32FE</Generic>
          <Generic>USB\VID_0BDA&amp;PID_8153&amp;REV_32FF</Generic>
          <Generic>USB\VID_0BDA&amp;PID_8153&amp;REV_3230</Generic>
          <Generic>USB\VID_056E&amp;PID_4013&amp;REV_3105</Generic>
          <Generic>USB\VID_056E&amp;PID_9013&amp;REV_3100</Generic>
          <Generic>USB\VID_2B73&amp;PID_0031&amp;REV_3100</Generic>
          <Generic>USB\VID_050D&amp;PID_048A&amp;REV_3000</Generic>
          <Generic>USB\VID_043E&amp;PID_9819&amp;REV_3000</Generic>
          <Generic>USB\VID_2357&amp;PID_0601&amp;REV_3000</Generic>
          <Generic>USB\VID_2357&amp;PID_0604&amp;REV_3000</Generic>
          <Generic>USB\VID_2001&amp;PID_7E34&amp;REV_3000</Generic>
          <Generic>USB\VID_2001&amp;PID_A710&amp;REV_3000</Generic>
          <Generic>USB\VID_17EF&amp;PID_304F&amp;REV_3000</Generic>
          <Generic>USB\VID_17EF&amp;PID_3052&amp;REV_3000</Generic>
          <Generic>USB\VID_17EF&amp;PID_720A&amp;REV_3000</Generic>
          <Generic>USB\VID_17EF&amp;PID_720B&amp;REV_3000</Generic>
          <Generic>USB\VID_17EF&amp;PID_3054&amp;REV_3001</Generic>
          <Generic>USB\VID_17EF&amp;PID_3052&amp;REV_3010</Generic>
          <Generic>USB\VID_17EF&amp;PID_3057&amp;REV_3000</Generic>
          <Generic>USB\VID_17EF&amp;PID_3065&amp;REV_3000</Generic>
          <Generic>USB\VID_17EF&amp;PID_3082&amp;REV_3100</Generic>
          <Generic>USB\VID_17EF&amp;PID_3062&amp;REV_3111</Generic>
          <Generic>USB\VID_17EF&amp;PID_A387&amp;REV_3113</Generic>
          <Generic>USB\VID_17EF&amp;PID_8153&amp;REV_3100</Generic>
          <Generic>USB\VID_17EF&amp;PID_30FA&amp;REV_3000</Generic>
          <Generic>USB\VID_17EF&amp;PID_7205&amp;REV_3000</Generic>
          <Generic>USB\VID_17EF&amp;PID_720C&amp;REV_3000</Generic>
          <Generic>USB\VID_17EF&amp;PID_3062&amp;REV_3001</Generic>
          <Generic>USB\VID_17EF&amp;PID_3062&amp;REV_3101</Generic>
          <Generic>USB\VID_17EF&amp;PID_3082&amp;REV_3101</Generic>
          <Generic>USB\VID_17EF&amp;PID_3069&amp;REV_3101</Generic>
          <Generic>USB\VID_17EF&amp;PID_7214&amp;REV_3100</Generic>
          <Generic>USB\VID_17EF&amp;PID_3062&amp;REV_3103</Generic>
          <Generic>USB\VID_17EF&amp;PID_3069&amp;REV_3103</Generic>
          <Generic>USB\VID_17EF&amp;PID_A359&amp;REV_3103</Generic>
          <Generic>USB\VID_17EF&amp;PID_3082&amp;REV_3101</Generic>
          <Generic>USB\VID_17EF&amp;PID_721E&amp;REV_3103</Generic>
          <Generic>USB\VID_17EF&amp;PID_A387&amp;REV_3103</Generic>
          <Generic>USB\VID_17EF&amp;PID_3098&amp;REV_3103</Generic>
          <Generic>USB\VID_17EF&amp;PID_A3C1&amp;REV_3101</Generic>
          <Generic>USB\VID_17EF&amp;PID_3083&amp;REV_3101</Generic>
          <Generic>USB\VID_17EF&amp;PID_309B&amp;REV_3101</Generic>
          <Generic>USB\VID_17EF&amp;PID_309C&amp;REV_3101</Generic>
          <Generic>USB\VID_17EF&amp;PID_309D&amp;REV_3101</Generic>

          <Generic>USB\VID_13B1&amp;PID_0041&amp;REV_3000</Generic>
          <Generic>USB\VID_04E8&amp;PID_A101&amp;REV_3000</Generic>
          <Generic>USB\VID_1025&amp;PID_104E&amp;REV_3000</Generic>
          <Generic>USB\VID_0F21&amp;PID_8153&amp;REV_3000</Generic>
          <Generic>USB\VID_2D1C&amp;PID_8153&amp;REV_3000</Generic>
          <Generic>USB\VID_208E&amp;PID_D003&amp;REV_3000</Generic>
          <Generic>USB\VID_0930&amp;PID_0416&amp;REV_3100</Generic>
          <Generic>USB\VID_0930&amp;PID_0416&amp;REV_3101</Generic>
          <Generic>USB\VID_30F3&amp;PID_0425&amp;REV_3100</Generic>
          <Generic>USB\VID_30F3&amp;PID_0425&amp;REV_3101</Generic>
          <Generic>USB\VID_30F3&amp;PID_0419&amp;REV_3100</Generic>
          <Generic>USB\VID_30F3&amp;PID_0419&amp;REV_3101</Generic>
          <Generic>USB\VID_30DA&amp;PID_5101&amp;REV_3100</Generic>
          <Generic>USB\VID_0B05&amp;PID_65F1&amp;REV_3100</Generic>
          <Generic>USB\VID_0B05&amp;PID_1AED&amp;REV_3101</Generic>
          <Generic>USB\VID_14FF&amp;PID_1400&amp;REV_3100</Generic>
          <Generic>USB\VID_17AA&amp;PID_6117&amp;REV_3000</Generic>
          <Generic>USB\VID_17EF&amp;PID_720C&amp;REV_3010</Generic>
          <Generic>USB\VID_310E&amp;PID_0060&amp;REV_3000</Generic>
          <Generic>USB\VID_310E&amp;PID_0061&amp;REV_3100</Generic>
          <Generic>USB\VID_2D01&amp;PID_0030&amp;REV_3000</Generic>
          <Generic>USB\VID_2D01&amp;PID_0031&amp;REV_3100</Generic>
          <Generic>USB\VID_0781&amp;PID_CFFE&amp;REV_3100</Generic>
          <Generic>USB\VID_2655&amp;PID_8153&amp;REV_3100</Generic>
          <Image type="DRVR" inftype="base" version="1153.17.20.1030">
            <file>22000\Drivers\64\rtu53cx22x64sta.inf</file>
            <supportedoperatingsystems>
              <osidentifier name="Windows10.0" architecture="x64" buildNumber="22000" />
            </supportedoperatingsystems>
          </Image>
        </Device>
        <Device componentID="103219">
          <Generic>USB\VID_0BDA&amp;PID_8155</Generic>
          <Generic>USB\VID_0BDA&amp;PID_8155&amp;REV_3000</Generic>
          <Generic>USB\VID_0BDA&amp;PID_8155&amp;REV_3001</Generic>
          <Generic>USB\VID_0BDA&amp;PID_8155&amp;REV_3002</Generic>
          <Generic>USB\VID_0BDA&amp;PID_8155&amp;REV_3003</Generic>
          <Generic>USB\VID_0BDA&amp;PID_8155&amp;REV_3004</Generic>
          <Generic>USB\VID_0BDA&amp;PID_8155&amp;REV_3005</Generic>
          <Generic>USB\VID_0BDA&amp;PID_8155&amp;REV_3007</Generic>
          <Generic>USB\VID_0BDA&amp;PID_8155&amp;REV_3008</Generic>
          <Generic>USB\VID_0BDA&amp;PID_8155&amp;REV_300D</Generic>
          <Generic>USB\VID_0BDA&amp;PID_8155&amp;REV_300E</Generic>
          <Generic>USB\VID_0BDA&amp;PID_8155&amp;REV_300F</Generic>
          <Generic>USB\VID_0BDA&amp;PID_8155&amp;REV_30F0</Generic>
          <Generic>USB\VID_0BDA&amp;PID_8155&amp;REV_30F1</Generic>
          <Generic>USB\VID_0BDA&amp;PID_8155&amp;REV_30F2</Generic>
          <Generic>USB\VID_0BDA&amp;PID_8155&amp;REV_30F3</Generic>
          <Generic>USB\VID_0BDA&amp;PID_8155&amp;REV_30F4</Generic>
          <Generic>USB\VID_0BDA&amp;PID_8155&amp;REV_30F5</Generic>
          <Generic>USB\VID_0BDA&amp;PID_8155&amp;REV_30F7</Generic>
          <Generic>USB\VID_0BDA&amp;PID_8155&amp;REV_30F8</Generic>
          <Generic>USB\VID_0BDA&amp;PID_8155&amp;REV_30FD</Generic>
          <Generic>USB\VID_0BDA&amp;PID_8155&amp;REV_30FE</Generic>
          <Generic>USB\VID_0BDA&amp;PID_8155&amp;REV_30FF</Generic>
          <Image type="DRVR" inftype="base" version="1155.17.20.1030">
            <file>22000\Drivers\64\rtu55cx22x64sta.inf</file>
            <supportedoperatingsystems>
              <osidentifier name="Windows10.0" architecture="x64" buildNumber="22000" />
            </supportedoperatingsystems>
          </Image>
        </Device>
        <Device componentID="103219">
          <Generic>USB\VID_0BDA&amp;PID_8153&amp;REV_3300</Generic>
          <Generic>USB\VID_0BDA&amp;PID_8153&amp;REV_3301</Generic>
          <Generic>USB\VID_0BDA&amp;PID_8153&amp;REV_3302</Generic>
          <Generic>USB\VID_0BDA&amp;PID_8153&amp;REV_3303</Generic>
          <Generic>USB\VID_0BDA&amp;PID_8153&amp;REV_3304</Generic>
          <Generic>USB\VID_0BDA&amp;PID_8153&amp;REV_3305</Generic>
          <Generic>USB\VID_0BDA&amp;PID_8153&amp;REV_3306</Generic>
          <Generic>USB\VID_0BDA&amp;PID_8153&amp;REV_3307</Generic>
          <Generic>USB\VID_0BDA&amp;PID_8153&amp;REV_3308</Generic>
          <Generic>USB\VID_0BDA&amp;PID_8153&amp;REV_330D</Generic>
          <Generic>USB\VID_0BDA&amp;PID_8153&amp;REV_330E</Generic>
          <Generic>USB\VID_0BDA&amp;PID_8153&amp;REV_330F</Generic>
          <Generic>USB\VID_0BDA&amp;PID_8153&amp;REV_33F0</Generic>
          <Generic>USB\VID_0BDA&amp;PID_8153&amp;REV_33F1</Generic>
          <Generic>USB\VID_0BDA&amp;PID_8153&amp;REV_33F2</Generic>
          <Generic>USB\VID_0BDA&amp;PID_8153&amp;REV_33F3</Generic>
          <Generic>USB\VID_0BDA&amp;PID_8153&amp;REV_33F4</Generic>
          <Generic>USB\VID_0BDA&amp;PID_8153&amp;REV_33F5</Generic>
          <Generic>USB\VID_0BDA&amp;PID_8153&amp;REV_33F6</Generic>
          <Generic>USB\VID_0BDA&amp;PID_8153&amp;REV_33F7</Generic>
          <Generic>USB\VID_0BDA&amp;PID_8153&amp;REV_33F8</Generic>
          <Generic>USB\VID_0BDA&amp;PID_8153&amp;REV_33FD</Generic>
          <Generic>USB\VID_0BDA&amp;PID_8153&amp;REV_33FE</Generic>
          <Generic>USB\VID_0BDA&amp;PID_8153&amp;REV_33FF</Generic>
          <Generic>USB\VID_0BDA&amp;PID_8153&amp;REV_3310</Generic>
          <Generic>USB\VID_0BDA&amp;PID_8153&amp;REV_F3F0</Generic>
          <Generic>USB\VID_0BDA&amp;PID_8053&amp;REV_3300</Generic>
          <Generic>USB\VID_0BDA&amp;PID_8053&amp;REV_3301</Generic>
          <Generic>USB\VID_0BDA&amp;PID_8053&amp;REV_3302</Generic>
          <Generic>USB\VID_0BDA&amp;PID_8053&amp;REV_3303</Generic>
          <Generic>USB\VID_0BDA&amp;PID_8053&amp;REV_3304</Generic>
          <Generic>USB\VID_0BDA&amp;PID_8053&amp;REV_3305</Generic>
          <Generic>USB\VID_0BDA&amp;PID_8053&amp;REV_3306</Generic>
          <Generic>USB\VID_0BDA&amp;PID_8053&amp;REV_3307</Generic>
          <Generic>USB\VID_0BDA&amp;PID_8053&amp;REV_3308</Generic>
          <Generic>USB\VID_0BDA&amp;PID_8053&amp;REV_330D</Generic>
          <Generic>USB\VID_0BDA&amp;PID_8053&amp;REV_330E</Generic>
          <Generic>USB\VID_0BDA&amp;PID_8053&amp;REV_330F</Generic>
          <Generic>USB\VID_0BDA&amp;PID_8053&amp;REV_33F0</Generic>
          <Generic>USB\VID_0BDA&amp;PID_8053&amp;REV_33F1</Generic>
          <Generic>USB\VID_0BDA&amp;PID_8053&amp;REV_33F2</Generic>
          <Generic>USB\VID_0BDA&amp;PID_8053&amp;REV_33F3</Generic>
          <Generic>USB\VID_0BDA&amp;PID_8053&amp;REV_33F4</Generic>
          <Generic>USB\VID_0BDA&amp;PID_8053&amp;REV_33F5</Generic>
          <Generic>USB\VID_0BDA&amp;PID_8053&amp;REV_33F6</Generic>
          <Generic>USB\VID_0BDA&amp;PID_8053&amp;REV_33F7</Generic>
          <Generic>USB\VID_0BDA&amp;PID_8053&amp;REV_33F8</Generic>
          <Generic>USB\VID_0BDA&amp;PID_8053&amp;REV_33FD</Generic>
          <Generic>USB\VID_0BDA&amp;PID_8053&amp;REV_33FE</Generic>
          <Generic>USB\VID_0BDA&amp;PID_8053&amp;REV_33FF</Generic>
          <Generic>USB\VID_0BDA&amp;PID_8156</Generic>
          <Generic>USB\VID_0BDA&amp;PID_8056</Generic>
          <Generic>USB\VID_0BDA&amp;PID_8156&amp;REV_3000</Generic>
          <Generic>USB\VID_0BDA&amp;PID_8156&amp;REV_3001</Generic>
          <Generic>USB\VID_0BDA&amp;PID_8156&amp;REV_3002</Generic>
          <Generic>USB\VID_0BDA&amp;PID_8156&amp;REV_3003</Generic>
          <Generic>USB\VID_0BDA&amp;PID_8156&amp;REV_3004</Generic>
          <Generic>USB\VID_0BDA&amp;PID_8156&amp;REV_3005</Generic>
          <Generic>USB\VID_0BDA&amp;PID_8156&amp;REV_3007</Generic>
          <Generic>USB\VID_0BDA&amp;PID_8156&amp;REV_3008</Generic>
          <Generic>USB\VID_0BDA&amp;PID_8156&amp;REV_300D</Generic>
          <Generic>USB\VID_0BDA&amp;PID_8156&amp;REV_300E</Generic>
          <Generic>USB\VID_0BDA&amp;PID_8156&amp;REV_300F</Generic>
          <Generic>USB\VID_0BDA&amp;PID_8156&amp;REV_30F0</Generic>
          <Generic>USB\VID_0BDA&amp;PID_8156&amp;REV_30F1</Generic>
          <Generic>USB\VID_0BDA&amp;PID_8156&amp;REV_30F2</Generic>
          <Generic>USB\VID_0BDA&amp;PID_8156&amp;REV_30F3</Generic>
          <Generic>USB\VID_0BDA&amp;PID_8156&amp;REV_30F4</Generic>
          <Generic>USB\VID_0BDA&amp;PID_8156&amp;REV_30F5</Generic>
          <Generic>USB\VID_0BDA&amp;PID_8156&amp;REV_30F7</Generic>
          <Generic>USB\VID_0BDA&amp;PID_8156&amp;REV_30F8</Generic>
          <Generic>USB\VID_0BDA&amp;PID_8156&amp;REV_30FD</Generic>
          <Generic>USB\VID_0BDA&amp;PID_8156&amp;REV_30FE</Generic>
          <Generic>USB\VID_0BDA&amp;PID_8156&amp;REV_30FF</Generic>
          <Generic>USB\VID_0BDA&amp;PID_8156&amp;REV_3100</Generic>
          <Generic>USB\VID_0BDA&amp;PID_8156&amp;REV_3101</Generic>
          <Generic>USB\VID_0BDA&amp;PID_8156&amp;REV_3102</Generic>
          <Generic>USB\VID_0BDA&amp;PID_8156&amp;REV_3103</Generic>
          <Generic>USB\VID_0BDA&amp;PID_8156&amp;REV_3104</Generic>
          <Generic>USB\VID_0BDA&amp;PID_8156&amp;REV_3105</Generic>
          <Generic>USB\VID_0BDA&amp;PID_8156&amp;REV_3107</Generic>
          <Generic>USB\VID_0BDA&amp;PID_8156&amp;REV_3108</Generic>
          <Generic>USB\VID_0BDA&amp;PID_8156&amp;REV_310D</Generic>
          <Generic>USB\VID_0BDA&amp;PID_8156&amp;REV_310E</Generic>
          <Generic>USB\VID_0BDA&amp;PID_8156&amp;REV_310F</Generic>
          <Generic>USB\VID_0BDA&amp;PID_8156&amp;REV_3110</Generic>
          <Generic>USB\VID_0BDA&amp;PID_8156&amp;REV_3121</Generic>
          <Generic>USB\VID_0BDA&amp;PID_8156&amp;REV_3123</Generic>
          <Generic>USB\VID_0BDA&amp;PID_8156&amp;REV_3131</Generic>
          <Generic>USB\VID_0BDA&amp;PID_8156&amp;REV_31F0</Generic>
          <Generic>USB\VID_0BDA&amp;PID_8156&amp;REV_31F1</Generic>
          <Generic>USB\VID_0BDA&amp;PID_8156&amp;REV_31F2</Generic>
          <Generic>USB\VID_0BDA&amp;PID_8156&amp;REV_31F3</Generic>
          <Generic>USB\VID_0BDA&amp;PID_8156&amp;REV_31F4</Generic>
          <Generic>USB\VID_0BDA&amp;PID_8156&amp;REV_31F5</Generic>
          <Generic>USB\VID_0BDA&amp;PID_8156&amp;REV_31F7</Generic>
          <Generic>USB\VID_0BDA&amp;PID_8156&amp;REV_31F8</Generic>
          <Generic>USB\VID_0BDA&amp;PID_8156&amp;REV_31FD</Generic>
          <Generic>USB\VID_0BDA&amp;PID_8156&amp;REV_31FE</Generic>
          <Generic>USB\VID_0BDA&amp;PID_8156&amp;REV_31FF</Generic>
          <Generic>USB\VID_0BDA&amp;PID_8056&amp;REV_3100</Generic>
          <Generic>USB\VID_0BDA&amp;PID_8056&amp;REV_3101</Generic>
          <Generic>USB\VID_0BDA&amp;PID_8056&amp;REV_3102</Generic>
          <Generic>USB\VID_0BDA&amp;PID_8056&amp;REV_3103</Generic>
          <Generic>USB\VID_0BDA&amp;PID_8056&amp;REV_3104</Generic>
          <Generic>USB\VID_0BDA&amp;PID_8056&amp;REV_3105</Generic>
          <Generic>USB\VID_0BDA&amp;PID_8056&amp;REV_3107</Generic>
          <Generic>USB\VID_0BDA&amp;PID_8056&amp;REV_3108</Generic>
          <Generic>USB\VID_0BDA&amp;PID_8056&amp;REV_310D</Generic>
          <Generic>USB\VID_0BDA&amp;PID_8056&amp;REV_310E</Generic>
          <Generic>USB\VID_0BDA&amp;PID_8056&amp;REV_310F</Generic>
          <Generic>USB\VID_0BDA&amp;PID_8056&amp;REV_31F0</Generic>
          <Generic>USB\VID_0BDA&amp;PID_8056&amp;REV_31F1</Generic>
          <Generic>USB\VID_0BDA&amp;PID_8056&amp;REV_31F2</Generic>
          <Generic>USB\VID_0BDA&amp;PID_8056&amp;REV_31F3</Generic>
          <Generic>USB\VID_0BDA&amp;PID_8056&amp;REV_31F4</Generic>
          <Generic>USB\VID_0BDA&amp;PID_8056&amp;REV_31F5</Generic>
          <Generic>USB\VID_0BDA&amp;PID_8056&amp;REV_31F7</Generic>
          <Generic>USB\VID_0BDA&amp;PID_8056&amp;REV_31F8</Generic>
          <Generic>USB\VID_0BDA&amp;PID_8056&amp;REV_31FD</Generic>
          <Generic>USB\VID_0BDA&amp;PID_8056&amp;REV_31FE</Generic>
          <Generic>USB\VID_0BDA&amp;PID_8056&amp;REV_31FF</Generic>
          <Generic>USB\VID_056E&amp;PID_4017&amp;REV_3100</Generic>
          <Generic>USB\VID_2001&amp;PID_B301&amp;REV_3100</Generic>
          <Generic>USB\VID_2001&amp;PID_B302&amp;REV_3104</Generic>
          <Generic>USB\VID_1025&amp;PID_184B&amp;REV_3104</Generic>
          <Generic>USB\VID_1025&amp;PID_184C&amp;REV_3104</Generic>
          <Generic>USB\VID_0B05&amp;PID_18D1&amp;REV_3005</Generic>
          <Generic>USB\VID_0B05&amp;PID_1976&amp;REV_3105</Generic>
          <Generic>USB\VID_20F4&amp;PID_E02B&amp;REV_3004</Generic>
          <Generic>USB\VID_20F4&amp;PID_E02C&amp;REV_3100</Generic>
          <Generic>USB\VID_20F4&amp;PID_E02C&amp;REV_3104</Generic>
          <Generic>USB\VID_0DF4&amp;PID_0025&amp;REV_3100</Generic>
          <Generic>USB\VID_1A56&amp;PID_3100&amp;REV_3100</Generic>
          <Generic>USB\VID_1A56&amp;PID_3100&amp;REV_310D</Generic>
          <Generic>USB\VID_1A56&amp;PID_3100&amp;REV_310E</Generic>
          <Generic>USB\VID_1A56&amp;PID_3100&amp;REV_310F</Generic>
          <Generic>USB\VID_1A56&amp;PID_3100</Generic>
          <Generic>USB\VID_310E&amp;PID_0062&amp;REV_3100</Generic>
          <Generic>USB\VID_2D01&amp;PID_0032&amp;REV_3100</Generic>
          <Generic>USB\VID_065F&amp;PID_3200&amp;REV_3104</Generic>
          <Generic>USB\VID_413C&amp;PID_B097&amp;REV_3101</Generic>
          <Generic>USB\VID_0BDA&amp;PID_8156&amp;REV_3111</Generic>
          <Generic>USB\VID_2BAF&amp;PID_0012&amp;REV_3101</Generic>
          <Generic>USB\VID_2BAF&amp;PID_0012&amp;REV_3105</Generic>
          <Image type="DRVR" inftype="base" version="1156.17.20.1030">
            <file>22000\Drivers\64\rtu56cx22x64sta.inf</file>
            <supportedoperatingsystems>
              <osidentifier name="Windows10.0" architecture="x64" buildNumber="22000" />
            </supportedoperatingsystems>
          </Image>
        </Device>
        <Device componentID="103219">
          <Generic>USB\VID_0BDA&amp;PID_8157&amp;REV_3000</Generic>
          <Generic>USB\VID_0BDA&amp;PID_8157&amp;REV_3001</Generic>
          <Generic>USB\VID_0BDA&amp;PID_8157&amp;REV_3002</Generic>
          <Generic>USB\VID_0BDA&amp;PID_8157&amp;REV_3003</Generic>
          <Generic>USB\VID_0BDA&amp;PID_8157&amp;REV_3004</Generic>
          <Generic>USB\VID_0BDA&amp;PID_8157&amp;REV_3005</Generic>
          <Generic>USB\VID_0BDA&amp;PID_8157&amp;REV_3007</Generic>
          <Generic>USB\VID_0BDA&amp;PID_8157&amp;REV_3008</Generic>
          <Generic>USB\VID_0BDA&amp;PID_8157&amp;REV_300D</Generic>
          <Generic>USB\VID_0BDA&amp;PID_8157&amp;REV_300E</Generic>
          <Generic>USB\VID_0BDA&amp;PID_8157&amp;REV_300F</Generic>
          <Generic>USB\VID_0BDA&amp;PID_8157&amp;REV_30F0</Generic>
          <Generic>USB\VID_0BDA&amp;PID_8157&amp;REV_30F1</Generic>
          <Generic>USB\VID_0BDA&amp;PID_8157&amp;REV_30F2</Generic>
          <Generic>USB\VID_0BDA&amp;PID_8157&amp;REV_30F3</Generic>
          <Generic>USB\VID_0BDA&amp;PID_8157&amp;REV_30F4</Generic>
          <Generic>USB\VID_0BDA&amp;PID_8157&amp;REV_30F5</Generic>
          <Generic>USB\VID_0BDA&amp;PID_8157&amp;REV_30F7</Generic>
          <Generic>USB\VID_0BDA&amp;PID_8157&amp;REV_30F8</Generic>
          <Generic>USB\VID_0BDA&amp;PID_8157&amp;REV_30FD</Generic>
          <Generic>USB\VID_0BDA&amp;PID_8157&amp;REV_30FE</Generic>
          <Generic>USB\VID_0BDA&amp;PID_8157&amp;REV_30FF</Generic>
          <Generic>USB\VID_0BDA&amp;PID_8057&amp;REV_3000</Generic>
          <Generic>USB\VID_0BDA&amp;PID_8057&amp;REV_3001</Generic>
          <Generic>USB\VID_0BDA&amp;PID_8057&amp;REV_3002</Generic>
          <Generic>USB\VID_0BDA&amp;PID_8057&amp;REV_3003</Generic>
          <Generic>USB\VID_0BDA&amp;PID_8057&amp;REV_3004</Generic>
          <Generic>USB\VID_0BDA&amp;PID_8057&amp;REV_3005</Generic>
          <Generic>USB\VID_0BDA&amp;PID_8057&amp;REV_3007</Generic>
          <Generic>USB\VID_0BDA&amp;PID_8057&amp;REV_3008</Generic>
          <Generic>USB\VID_0BDA&amp;PID_8057&amp;REV_300D</Generic>
          <Generic>USB\VID_0BDA&amp;PID_8057&amp;REV_300E</Generic>
          <Generic>USB\VID_0BDA&amp;PID_8057&amp;REV_300F</Generic>
          <Generic>USB\VID_0BDA&amp;PID_8057&amp;REV_30F0</Generic>
          <Generic>USB\VID_0BDA&amp;PID_8057&amp;REV_30F1</Generic>
          <Generic>USB\VID_0BDA&amp;PID_8057&amp;REV_30F2</Generic>
          <Generic>USB\VID_0BDA&amp;PID_8057&amp;REV_30F3</Generic>
          <Generic>USB\VID_0BDA&amp;PID_8057&amp;REV_30F4</Generic>
          <Generic>USB\VID_0BDA&amp;PID_8057&amp;REV_30F5</Generic>
          <Generic>USB\VID_0BDA&amp;PID_8057&amp;REV_30F7</Generic>
          <Generic>USB\VID_0BDA&amp;PID_8057&amp;REV_30F8</Generic>
          <Generic>USB\VID_0BDA&amp;PID_8057&amp;REV_30FD</Generic>
          <Generic>USB\VID_0BDA&amp;PID_8057&amp;REV_30FE</Generic>
          <Generic>USB\VID_0BDA&amp;PID_8057&amp;REV_30FF</Generic>
          <Generic>USB\VID_0BDA&amp;PID_8157</Generic>
          <Generic>USB\VID_0BDA&amp;PID_8057</Generic>
          <Generic>USB\VID_0BDA&amp;PID_A157</Generic>
          <Generic>USB\VID_0BDA&amp;PID_8D57</Generic>
          <Generic>USB\VID_0BDA&amp;PID_A157&amp;REV_3000</Generic>
          <Generic>USB\VID_0BDA&amp;PID_A157&amp;REV_3001</Generic>
          <Generic>USB\VID_0BDA&amp;PID_A157&amp;REV_3002</Generic>
          <Generic>USB\VID_0BDA&amp;PID_A157&amp;REV_3003</Generic>
          <Generic>USB\VID_0BDA&amp;PID_A157&amp;REV_3004</Generic>
          <Generic>USB\VID_0BDA&amp;PID_A157&amp;REV_3005</Generic>
          <Generic>USB\VID_0BDA&amp;PID_A157&amp;REV_3007</Generic>
          <Generic>USB\VID_0BDA&amp;PID_A157&amp;REV_3008</Generic>
          <Generic>USB\VID_0BDA&amp;PID_A157&amp;REV_300D</Generic>
          <Generic>USB\VID_0BDA&amp;PID_A157&amp;REV_300E</Generic>
          <Generic>USB\VID_0BDA&amp;PID_A157&amp;REV_300F</Generic>
          <Generic>USB\VID_0BDA&amp;PID_A157&amp;REV_30F0</Generic>
          <Generic>USB\VID_0BDA&amp;PID_A157&amp;REV_30F1</Generic>
          <Generic>USB\VID_0BDA&amp;PID_A157&amp;REV_30F2</Generic>
          <Generic>USB\VID_0BDA&amp;PID_A157&amp;REV_30F3</Generic>
          <Generic>USB\VID_0BDA&amp;PID_A157&amp;REV_30F4</Generic>
          <Generic>USB\VID_0BDA&amp;PID_A157&amp;REV_30F5</Generic>
          <Generic>USB\VID_0BDA&amp;PID_A157&amp;REV_30F7</Generic>
          <Generic>USB\VID_0BDA&amp;PID_A157&amp;REV_30F8</Generic>
          <Generic>USB\VID_0BDA&amp;PID_A157&amp;REV_30FD</Generic>
          <Generic>USB\VID_0BDA&amp;PID_A157&amp;REV_30FE</Generic>
          <Generic>USB\VID_0BDA&amp;PID_A157&amp;REV_30FF</Generic>
          <Generic>USB\VID_0BDA&amp;PID_8D57&amp;REV_3000</Generic>
          <Generic>USB\VID_0BDA&amp;PID_8D57&amp;REV_3001</Generic>
          <Generic>USB\VID_0BDA&amp;PID_8D57&amp;REV_3002</Generic>
          <Generic>USB\VID_0BDA&amp;PID_8D57&amp;REV_3003</Generic>
          <Generic>USB\VID_0BDA&amp;PID_8D57&amp;REV_3004</Generic>
          <Generic>USB\VID_0BDA&amp;PID_8D57&amp;REV_3005</Generic>
          <Generic>USB\VID_0BDA&amp;PID_8D57&amp;REV_3007</Generic>
          <Generic>USB\VID_0BDA&amp;PID_8D57&amp;REV_3008</Generic>
          <Generic>USB\VID_0BDA&amp;PID_8D57&amp;REV_300D</Generic>
          <Generic>USB\VID_0BDA&amp;PID_8D57&amp;REV_300E</Generic>
          <Generic>USB\VID_0BDA&amp;PID_8D57&amp;REV_300F</Generic>
          <Generic>USB\VID_0BDA&amp;PID_8D57&amp;REV_30F0</Generic>
          <Generic>USB\VID_0BDA&amp;PID_8D57&amp;REV_30F1</Generic>
          <Generic>USB\VID_0BDA&amp;PID_8D57&amp;REV_30F2</Generic>
          <Generic>USB\VID_0BDA&amp;PID_8D57&amp;REV_30F3</Generic>
          <Generic>USB\VID_0BDA&amp;PID_8D57&amp;REV_30F4</Generic>
          <Generic>USB\VID_0BDA&amp;PID_8D57&amp;REV_30F5</Generic>
          <Generic>USB\VID_0BDA&amp;PID_8D57&amp;REV_30F7</Generic>
          <Generic>USB\VID_0BDA&amp;PID_8D57&amp;REV_30F8</Generic>
          <Generic>USB\VID_0BDA&amp;PID_8D57&amp;REV_30FD</Generic>
          <Generic>USB\VID_0BDA&amp;PID_8D57&amp;REV_30FE</Generic>
          <Generic>USB\VID_0BDA&amp;PID_8D57&amp;REV_30FF</Generic>
          <Image type="DRVR" inftype="base" version="1157.17.20.1030">
            <file>22000\Drivers\64\rtu57cx22x64sta.inf</file>
            <supportedoperatingsystems>
              <osidentifier name="Windows10.0" architecture="x64" buildNumber="22000" />
            </supportedoperatingsystems>
          </Image>
        </Device>
      </DeviceGroup>
    </content>
    <content>
      <Device componentID="103219">
        <PnPInfo>
          <ACPIID>0BDA</ACPIID>
          <PnPProductID>8153</PnPProductID>
        </PnPInfo>
        <Image type="DRVR" version="10.63.20.1029">
          <file>production\Windows10-x64\Legacy\Windows\WIN10\64\rtump64x64.sys</file>
          <file>production\Windows10-x64\Legacy\Windows\WIN10\64\rtump64x64sta.INF</file>
          <file>production\Windows10-x64\Legacy\Windows\WIN10\64\rtump64x64.cat</file>
        </Image>
      </Device>
    </content>
  </packageinformation>
  <executable architecture="x86" timeout="900">
    <executablename>RTNIC_DELL_INST.exe</executablename>
    <requiredparameters>
      <commandlineparameter />
    </requiredparameters>
  </executable>
  <behaviors>
    <behavior name="attended">
      <vendoroption>
        <optionvalue switch="" requiresvalue="false" valuedelimiter="" enclose="" />
      </vendoroption>
    </behavior>
    <behavior name="unattended">
      <vendoroption>
        <optionvalue switch="/" requiresvalue="false" valuedelimiter="" enclose="">s</optionvalue>
      </vendoroption>
    </behavior>
    <behavior name="extractdrivers">
      <vendoroption>
        <optionvalue switch="/" requiresvalue="false" valuedelimiter="" enclose="">s</optionvalue>
      </vendoroption>
      <vendoroption>
        <container>
          <containervalue switch="/" requiresvalue="false" valuedelimiter=" " enclose="&quot;">v</containervalue>
          <optionvalue switch="" requiresvalue="true" valuedelimiter="=" enclose="">extractdrivers</optionvalue>
        </container>
      </vendoroption>
    </behavior>
    <behavior name="freshinstall">
      <vendoroption>
        <optionvalue switch="/" requiresvalue="false" valuedelimiter="" enclose="">s</optionvalue>
      </vendoroption>
    </behavior>
  </behaviors>
  <parameters>
    <parametermapping name="logfile">
      <vendoroption>
        <container>
          <containervalue switch="/" requiresvalue="false" valuedelimiter=" " enclose="&quot;">v</containervalue>
          <optionvalue switch="" requiresvalue="true" valuedelimiter="=" enclose="">LOGFILE</optionvalue>
        </container>
      </vendoroption>
    </parametermapping>
    <parametermapping name="force">
      <vendoroption>
        <container>
          <containervalue switch="/" requiresvalue="false" valuedelimiter=" " enclose="&quot;">v</containervalue>
          <optionvalue switch="" requiresvalue="false" valuedelimiter="" enclose="">FORCE=TRUE</optionvalue>
        </container>
      </vendoroption>
    </parametermapping>
  </parameters>
  <returncodes>
    <returncodemapping name="SUCCESS">
      <vendorreturncode>0</vendorreturncode>
    </returncodemapping>
    <returncodemapping name="ERROR">
      <vendorreturncode>1603</vendorreturncode>
    </returncodemapping>
    <returncodemapping name="REBOOT_REQUIRED">
      <vendorreturncode>3010</vendorreturncode>
    </returncodemapping>
    <returncodemapping name="DEP_SOFT_ERROR">
      <vendorreturncode>3</vendorreturncode>
    </returncodemapping>
    <returncodemapping name="ERROR_INSTALL_PLATFORM_UNSUPPORTED">
      <vendorreturncode>1633</vendorreturncode>
    </returncodemapping>
    <returncodemapping name="REBOOTING_SYSTEM">
      <vendorreturncode>1641</vendorreturncode>
    </returncodemapping>
    <returncodemapping name="UNKNOWN_OPTION">
      <vendorreturncode>1608</vendorreturncode>
    </returncodemapping>
  </returncodes>
  <inventorymetadata>
    <fullpackageidentifier>
      <registrykeys>
        <registrykey componentID="103219">
          <name>HKEY_LOCAL_MACHINE\SOFTWARE\Dell\ManageableUpdatePackage\RTUNIC_DELL_INST\Version\Version</name>
          <value>11.17.20.1030</value>
          <displayName>HKEY_LOCAL_MACHINE\SOFTWARE\Dell\ManageableUpdatePackage\RTUNIC_DELL_INST\Version\DisplayName</displayName>
          <displayValue>"Realtek USB Ethernet Controller"</displayValue>
        </registrykey>
      </registrykeys>
    </fullpackageidentifier>
  </inventorymetadata>
</MUPDefinition>